Designator,Mid X,Mid Y,Layer,Rotation,Comment,Footprint
C1,127.200000,-42.000000,Top,0.000000,220n,C_0603_1608Metric
C2,82.289726,-36.454371,Top,0.000000,4.7u,CP_Elec_4x5.4
C3,118.397849,-34.980519,Top,0.000000,220n,C_0603_1608Metric
C8,60.926033,-51.444232,Top,0.000000,220n,C_0603_1608Metric
C20,121.602150,-49.019480,Top,0.000000,100n,C_0603_1608Metric
C21,127.201075,-45.509740,Top,0.000000,100n,C_0603_1608Metric
C22,112.800000,-42.000000,Top,0.000000,100n,C_0603_1608Metric
C23,112.732779,-46.232197,Top,0.000000,100n,C_0603_1608Metric
C30,116.800000,-74.000000,Top,0.000000,100n,C_0603_1608Metric
C31,121.178330,-90.653121,Top,0.000000,100n,C_0603_1608Metric
C32,84.051467,-21.850992,Top,0.000000,3.9n,C_0603_1608Metric
C33,77.238510,-40.160605,Top,0.000000,100n,C_0603_1608Metric
C34,61.659911,-40.498481,Top,0.000000,100n,C_0603_1608Metric
C35,75.080184,-7.315211,Top,0.000000,100n,C_0603_1608Metric
C40,82.988960,-40.208119,Top,0.000000,100n,C_0603_1608Metric
C41,99.326324,-55.093939,Top,0.000000,DNP-LFIL,C_0603_1608Metric
C42,94.673675,-44.906060,Top,0.000000,DNP-OFIL,C_0603_1608Metric
C43,80.449971,-7.947196,Top,0.000000,220p,C_0603_1608Metric
C44,78.770634,-43.860433,Top,0.000000,1u,C_0603_1608Metric
C45,103.200000,-86.000000,Top,0.000000,47n,C_0603_1608Metric
C46,97.560722,-93.846282,Top,0.000000,1u,C_0603_1608Metric
C47,96.000000,-78.000000,Top,0.000000,22u,CP_Elec_5x5.4
C48,84.102661,-80.433685,Top,0.000000,470u,CP_Elec_10x10
C49,61.949353,-44.178818,Top,0.000000,100n,C_0603_1608Metric
C50,53.788921,-48.180626,Top,0.000000,100n,C_0603_1608Metric
C60,80.449971,-3.947196,Top,0.000000,220n,C_0603_1608Metric
C61,55.200000,-50.000000,Top,0.000000,220p,C_0603_1608Metric
C62,49.560722,-57.846282,Top,0.000000,220p,C_0603_1608Metric
C63,86.087079,-10.585913,Top,0.000000,100n,C_0603_1608Metric
C64,47.725479,-27.367647,Top,0.000000,100n,C_0603_1608Metric
C65,75.094529,-3.187027,Top,0.000000,100n,C_0603_1608Metric
C66,89.822530,-37.054347,Top,0.000000,100n,C_0603_1608Metric
C67,47.660318,-31.259285,Top,0.000000,100n,C_0603_1608Metric
C70,48.720697,-15.757094,Top,0.000000,100n,C_0603_1608Metric
C71,42.794663,-30.444232,Top,0.000000,100n,C_0603_1608Metric
C72,88.044155,-40.824299,Top,0.000000,47n,C_0603_1608Metric
C72A,39.602150,-51.019480,Top,0.000000,56n,C_0603_1608Metric
C73,25.800000,-68.000000,Top,0.000000,100n,C_0603_1608Metric
C74,20.673675,-74.906060,Top,0.000000,1u,C_0603_1608Metric
C75,27.061467,-59.391036,Top,0.000000,10u,CP_Elec_4x5.4
C76,77.714547,-47.726323,Top,0.000000,100n,C_0603_1608Metric
C77,70.000000,-49.000000,Top,0.000000,100n,C_0603_1608Metric
C78,62.285452,-47.726323,Top,0.000000,100n,C_0603_1608Metric
C80,131.199999,-78.000000,Top,0.000000,1u,C_0603_1608Metric
C81,45.542347,-83.889259,Top,0.000000,10n,C_0603_1608Metric
C82,40.362505,-80.559284,Top,0.000000,10n,C_0603_1608Metric
C83,56.666314,-44.955270,Top,0.000000,100n,C_0603_1608Metric
C84,125.602150,-85.019480,Top,0.000000,100n,C_0603_1608Metric
C85,85.824299,-6.955844,Top,0.000000,100n,C_0603_1608Metric
C90,53.119362,-83.715572,Top,0.000000,10u,CP_Elec_4x5.4
C91,85.637706,-44.248432,Top,0.000000,100n,C_0603_1608Metric
C93,52.603422,-7.325184,Top,0.000000,100n,C_0603_1608Metric
C94,51.081371,-42.246608,Top,0.000000,100n,C_0603_1608Metric
C95,91.812703,-10.128350,Top,0.000000,100n,C_0603_1608Metric
C96,95.227122,-17.218463,Top,0.000000,100n,C_0603_1608Metric
C97,89.559036,-34.818305,Top,0.000000,100n,C_0603_1608Metric
C98,84.946644,-47.725268,Top,0.000000,100n,C_0603_1608Metric
C99,76.272751,-51.466820,Top,0.000000,100n,C_0603_1608Metric
C100,70.000000,-25.800000,Top,0.000000,220u/35V,CP_Elec_8x10
C101,67.719266,-20.005443,Top,0.000000,100n,C_0603_1608Metric
C102,72.714552,-31.542827,Top,0.000000,1u,C_0603_1608Metric
C103,78.496849,-19.473707,Top,0.000000,1u,C_0603_1608Metric
C104,75.250702,-16.963201,Top,0.000000,10u/50V X7R,C_1206_3216Metric
C105,66.938532,-17.608963,Top,0.000000,3n3,C_0603_1608Metric
C106,95.250000,-21.500000,Top,0.000000,100n,C_0603_1608Metric
C107,73.856276,-33.791423,Top,0.000000,100n,C_0603_1608Metric
C108,60.920154,-21.882885,Top,0.000000,22u,C_0805_2012Metric
C109,54.688532,-38.141036,Top,0.000000,47u,CP_Elec_6.3x5.4
C110,77.600000,-11.836413,Top,0.000000,47u,CP_Elec_6.3x5.4
C111,79.079845,-21.882885,Top,0.000000,100n,C_0603_1608Metric
C120,40.361615,-84.606614,Top,0.000000,1n,C_0603_1608Metric
C121,79.520240,-32.305137,Top,0.000000,100n,C_0603_1608Metric
C122,84.631344,-24.274837,Top,0.000000,100n,C_0603_1608Metric
C123,67.800000,-101.000000,Top,0.000000,100n,C_0603_1608Metric
C124,68.530733,-104.695518,Top,0.000000,100n,C_0603_1608Metric
C910,48.722011,-12.260800,Top,0.000000,100n,C_0603_1608Metric
C911,45.577960,-23.944822,Top,0.000000,100n,C_0603_1608Metric
D1,114.783562,-81.135691,Top,0.000000,1N4148W,D_SOD-123
D70,30.000000,-44.000000,Top,0.000000,1N4148W,D_SOD-123
D71,28.822291,-40.238174,Top,0.000000,1N4148W,D_SOD-123
D72,27.291557,-36.542655,Top,0.000000,1N4148W,D_SOD-123
D73,35.398059,-36.259082,Top,0.000000,1N4148W,D_SOD-123
D74,31.096903,-32.544948,Top,0.000000,1N4148W,D_SOD-123
D75,23.896903,-32.544947,Top,0.000000,1N4148W,D_SOD-123
D80,124.000000,-70.800000,Top,0.000000,1N4148W,D_SOD-123
D81,116.880650,-70.427489,Top,0.000000,1N4148W,D_SOD-123
D82,132.442948,-82.569094,Top,0.000000,1N4148W,D_SOD-123
D83,124.000000,-99.000000,Top,90.000000,1N5819W (clamp 3V3),D_SOD-123
D84,70.000000,-53.000000,Top,0.000000,1N5819W,D_SOD-123
D85,46.700310,-8.071784,Top,0.000000,1N5819W,D_SOD-123
D90,57.849407,-79.403414,Top,0.000000,SS14 (+5V->VSYS),D_SMA
D100,52.745686,-3.843295,Top,0.000000,BZT52C10,D_SOD-123
D101,90.000000,-24.000000,Top,90.000000,SS34,D_SMA
D102,42.534253,-36.682248,Top,0.000000,1N4148W,D_SOD-123
D103,86.242713,-3.182249,Top,0.000000,BZT52C6V2,D_SOD-123
D104,41.544237,-19.901319,Top,0.000000,1N4148W,D_SOD-123
D105,87.000000,-31.000000,Top,90.000000,1N4148W (drop: LM567C abs max 9V vs 78L09 +5% tol),D_SOD-123
D106,50.000000,-20.000000,Top,0.000000,SMAJ18A (VA transient clamp),D_SMA
FB100,61.866025,-16.500000,Top,90.000000,600R/3A,L_1206_3216Metric
J1,113.500000,-1.600000,Top,-90.000000,IN 6.35mm PJ-603A,PJ-603A
J2,28.000000,-1.600000,Top,-90.000000,OUT 6.35mm PJ-603A,PJ-603A
J3,1.600000,-40.000000,Top,0.000000,CV1 IN 3.5mm PJ-3410,PJ-3410
J4,1.600000,-75.000000,Top,0.000000,CV2 IN 3.5mm PJ-3410,PJ-3410
J5,69.000000,-2.600000,Top,180.000000,DC_2.1mm,DC-044A
J6,136.400000,-57.000000,Top,180.000000,CV OUT 3.5mm PJ-3410,PJ-3410
J10,96.000000,-104.000000,Top,90.000000,CTRL 2x8,PinHeader_2x08_P2.54mm_Vertical
L100,99.000000,-30.000000,Top,0.000000,22uH/3A SMDRI127,L_12x12mm_H8mm
Q1,120.000000,-86.000000,Top,0.000000,MMBTA13,SOT-23
Q2,103.554349,-90.513513,Top,0.000000,MMBT3904,SOT-23
Q3,104.442948,-81.430905,Top,0.000000,MMBT3904,SOT-23
Q4,73.181252,-94.720357,Top,0.000000,MMBT3904,SOT-23
Q5,70.041815,-77.420634,Top,0.000000,MMBT3904,SOT-23
Q6,75.856276,-77.208576,Top,0.000000,MMBT3904,SOT-23
Q10,55.000000,-12.000000,Top,90.000000,AO3401A,SOT-23
Q11,64.000000,-34.000000,Top,0.000000,BCP56,SOT-223-3_TabPin2
QJ1,26.008118,-73.053030,Top,0.000000,MMBFJ201,SOT-23
R1,122.399999,-21.800000,Top,0.000000,1k,R_0603_1608Metric
R2,124.099999,-31.900000,Top,0.000000,2.2M,R_0603_1608Metric
R3,127.267220,-37.767802,Top,0.000000,2.2M,R_0603_1608Metric
R4,112.346600,-34.487662,Top,0.000000,470k,R_0603_1608Metric
R5,105.678775,-37.647344,Top,0.000000,2.2k,R_0603_1608Metric
R12,56.003666,-54.367147,Top,0.000000,100k,R_0603_1608Metric
R13,16.584975,-40.374284,Top,0.000000,470R,R_0603_1608Metric
R16,92.041080,-2.841367,Top,0.000000,100k,R_0603_1608Metric
R20,115.911679,-50.261491,Top,0.000000,43k,R_0603_1608Metric
R21,127.029828,-49.158568,Top,0.000000,36k,R_0603_1608Metric
R22,110.757373,-52.767598,Top,0.000000,100k,R_0603_1608Metric
R23,111.877262,-38.486911,Top,0.000000,15k,R_0603_1608Metric
R24,119.434314,-54.767647,Top,0.000000,47k,R_0603_1608Metric
R25,124.382556,-54.002722,Top,0.000000,10k,R_0603_1608Metric
R30,111.226177,-57.725460,Top,0.000000,220k,R_0603_1608Metric
R31,107.481717,-63.731359,Top,0.000000,680,R_0603_1608Metric
R32,104.433685,-60.102661,Top,0.000000,680,R_0603_1608Metric
R33,77.340685,-61.456637,Top,0.000000,10k,R_0603_1608Metric
R34,105.529214,-56.204198,Top,0.000000,330k,R_0603_1608Metric
R35,116.327639,-91.023543,Top,0.000000,10k,R_0603_1608Metric
R36,105.240249,-52.233657,Top,0.000000,4.7k,R_0603_1608Metric
R37,95.062613,-39.405863,Top,0.000000,1M,R_0603_1608Metric
R38,89.730519,-64.602150,Top,0.000000,100k,R_0603_1608Metric
R40,97.656040,-4.888138,Top,0.000000,0R,R_0603_1608Metric
R41,107.986942,-33.258651,Top,0.000000,100k,R_0603_1608Metric
R42,89.155187,-61.066121,Top,0.000000,47k,R_0603_1608Metric
R43,87.235029,-51.194873,Top,0.000000,47k,R_0603_1608Metric
R44,84.563554,-55.373935,Top,0.000000,47k,R_0603_1608Metric
R45,84.207355,-60.996828,Top,0.000000,220k,R_0603_1608Metric
R46,83.998653,-64.791456,Top,0.000000,680,R_0603_1608Metric
R47,79.008436,-65.764379,Top,0.000000,680,R_0603_1608Metric
R48,99.876604,-44.339215,Top,0.000000,10k,R_0603_1608Metric
R49,67.577174,-94.256756,Top,0.000000,10k,R_0603_1608Metric
R50,102.901137,-94.743732,Top,0.000000,47k,R_0603_1608Metric
R51,77.267891,-91.420535,Top,0.000000,10k,R_0603_1608Metric
R52,109.301319,-86.832567,Top,0.000000,47k,R_0603_1608Metric
R53,107.698924,-43.290259,Top,0.000000,1k (pin3 clamp-current limit),R_0603_1608Metric
R60,102.849971,-3.947196,Top,0.000000,1M,R_0603_1608Metric
R61,100.411663,-39.663598,Top,0.000000,470k,R_0603_1608Metric
R62,82.444812,-70.023466,Top,0.000000,680,R_0603_1608Metric
R63,71.560722,-71.846282,Top,0.000000,680,R_0603_1608Metric
R64,77.536251,-70.480116,Top,0.000000,10k,R_0603_1608Metric
R65,105.093952,-47.505156,Top,0.000000,220k,R_0603_1608Metric
R66,89.522792,-74.046187,Top,0.000000,680,R_0603_1608Metric
R67,81.295801,-74.170785,Top,0.000000,680,R_0603_1608Metric
R68,95.521279,-73.970675,Top,0.000000,10k,R_0603_1608Metric
R69,87.155828,-68.940765,Top,0.000000,220k,R_0603_1608Metric
R70,75.183044,-104.383359,Top,0.000000,100k,R_0603_1608Metric
R71,64.735038,-78.442121,Top,0.000000,100k,R_0603_1608Metric
R72,75.474449,-107.941861,Top,0.000000,100k,R_0603_1608Metric
R73,109.601343,-90.666842,Top,0.000000,100k,R_0603_1608Metric
R74,108.105892,-94.800585,Top,0.000000,220k,R_0603_1608Metric
R75,97.307601,-108.371089,Top,0.000000,680,R_0603_1608Metric
R76,109.842133,-30.156444,Top,0.000000,10k,R_0603_1608Metric
R77,15.268183,-64.357771,Top,0.000000,220k,R_0603_1608Metric
R78,14.993562,-69.658180,Top,0.000000,680,R_0603_1608Metric
R79,114.965651,-30.721716,Top,0.000000,10k,R_0603_1608Metric
R80,9.851309,-67.019144,Top,0.000000,220k,R_0603_1608Metric
R81,9.320902,-63.560205,Top,0.000000,680,R_0603_1608Metric
R82,8.292630,-86.405033,Top,0.000000,680,R_0603_1608Metric
R83,10.972764,-53.900440,Top,0.000000,10k,R_0603_1608Metric
R84,67.448866,-97.645420,Top,0.000000,100k,R_0603_1608Metric
R85,14.183620,-60.964703,Top,0.000000,100k,R_0603_1608Metric
R86,113.766324,-94.802842,Top,0.000000,100k,R_0603_1608Metric
R87,14.000000,-4.000000,Top,0.000000,51k,R_0603_1608Metric
R88,8.496029,-99.512790,Top,0.000000,10k,R_0603_1608Metric
R89,126.098240,-93.505834,Top,0.000000,47k,R_0603_1608Metric
R90,8.529559,-90.856313,Top,0.000000,10k,R_0603_1608Metric
R91,102.387559,-107.801947,Top,0.000000,47k,R_0603_1608Metric
R92,8.640225,-94.655353,Top,0.000000,10k,R_0603_1608Metric
R93,18.000000,-4.000000,Top,0.000000,47k,R_0603_1608Metric
R94,8.479699,-59.539994,Top,0.000000,220k,R_0603_1608Metric
R95,11.274103,-50.087748,Top,0.000000,680,R_0603_1608Metric
R96,11.480615,-46.078371,Top,0.000000,220k,R_0603_1608Metric
R97,16.766557,-29.778796,Top,0.000000,680,R_0603_1608Metric
R98,4.426116,-67.749859,Top,0.000000,10k (buffer DC load),R_0603_1608Metric
R99,5.661127,-54.946299,Top,0.000000,10k (buffer DC load),R_0603_1608Metric
R100,45.944316,-4.103470,Top,0.000000,100k,R_0603_1608Metric
R100A,39.920835,-26.535633,Top,0.000000,39k,R_0603_1608Metric
R101,97.079845,-12.882885,Top,0.000000,100k,R_0603_1608Metric
R101A,37.672344,-31.431222,Top,0.000000,18k,R_0603_1608Metric
R102,92.629449,-6.377169,Top,0.000000,51k,R_0603_1608Metric
R102A,33.623366,-51.271565,Top,0.000000,3.6k,R_0603_1608Metric
R103,97.520240,-8.694862,Top,0.000000,100k,R_0603_1608Metric
R103A,45.737904,-41.847551,Top,0.000000,4.3k,R_0603_1608Metric
R104,100.702982,-17.572970,Top,0.000000,40k2 1%,R_0603_1608Metric
R105,101.003247,-21.231046,Top,0.000000,7k68 1%,R_0603_1608Metric
R106,42.618082,-15.950326,Top,0.000000,47k,R_0603_1608Metric
R106A,25.466666,-64.400000,Top,0.000000,10k,R_0603_1608Metric
R107,37.396145,-23.083395,Top,0.000000,47k,R_0603_1608Metric
R107A,30.362144,-64.358557,Top,0.000000,10k,R_0603_1608Metric
R108,42.431847,-12.432941,Top,0.000000,33k,R_0603_1608Metric
R108A,31.504059,-70.526515,Top,0.000000,1M,R_0603_1608Metric
R109,37.577938,-19.678797,Top,0.000000,147k,R_0603_1608Metric
R109A,31.381278,-74.630732,Top,0.000000,845R 1% (Fetzer Rs),R_0603_1608Metric
R110,53.705596,-16.194432,Top,0.000000,10k,R_0603_1608Metric
R110A,20.512469,-71.151117,Top,0.000000,15k,R_0603_1608Metric
R111,38.355690,-16.068623,Top,0.000000,10k,R_0603_1608Metric
R111A,15.349861,-74.329067,Top,0.000000,220k,R_0603_1608Metric
R112,95.469068,-97.580108,Top,0.000000,100k,R_0603_1608Metric
R112A,23.164691,-44.389107,Top,0.000000,10k,R_0603_1608Metric
R113,89.941772,-106.357265,Top,0.000000,22k,R_0603_1608Metric
R113A,21.872364,-41.026265,Top,0.000000,10k,R_0603_1608Metric
R114,102.008991,-12.861334,Top,0.000000,24k9 (EN divider - EN abs max 6V!),R_0603_1608Metric
R114A,19.585311,-58.994897,Top,0.000000,3.3k,R_0603_1608Metric
R115A,16.663846,-53.706689,Top,0.000000,6.8k,R_0603_1608Metric
R116A,16.506942,-49.175750,Top,0.000000,4.7k,R_0603_1608Metric
R117A,17.993700,-44.989197,Top,0.000000,10k,R_0603_1608Metric
R118A,36.600000,-70.000000,Top,0.000000,220k,R_0603_1608Metric
R119A,45.300000,-65.000000,Top,0.000000,680,R_0603_1608Metric
R120A,45.846282,-61.560722,Top,0.000000,680,R_0603_1608Metric
R121A,57.553131,-58.096948,Top,0.000000,10k,R_0603_1608Metric
R122A,93.232352,-55.232352,Top,0.000000,220k,R_0603_1608Metric
R123A,62.844894,-59.216176,Top,0.000000,680,R_0603_1608Metric
R124A,50.702982,-61.572970,Top,0.000000,680,R_0603_1608Metric
R125A,20.974959,-36.920928,Top,0.000000,10k,R_0603_1608Metric
R126A,20.181385,-63.151948,Top,0.000000,220k,R_0603_1608Metric
R127A,20.142079,-67.155189,Top,0.000000,100k,R_0603_1608Metric
R130,112.567338,-62.352816,Top,0.000000,100k,R_0603_1608Metric
R131,127.600863,-67.302977,Top,0.000000,100k,R_0603_1608Metric
R132,131.600287,-72.034325,Top,0.000000,100k,R_0603_1608Metric
R133,132.690178,-68.215040,Top,0.000000,200k,R_0603_1608Metric
R134,132.102087,-86.510013,Top,0.000000,100k,R_0603_1608Metric
R135,126.857654,-88.829273,Top,0.000000,3.9k,R_0603_1608Metric
R136,133.657295,-89.880803,Top,0.000000,150k,R_0603_1608Metric
R137,116.863703,-100.035276,Top,90.000000,100k,R_0603_1608Metric
R138,119.000000,-102.000000,Top,90.000000,47k,R_0603_1608Metric
R139,119.000000,-96.000000,Top,90.000000,1k,R_0603_1608Metric
R140,29.963680,-29.050146,Top,0.000000,100k,R_0603_1608Metric
R141,62.985646,-55.150972,Top,0.000000,47k,R_0603_1608Metric
R142,50.429705,-64.949446,Top,0.000000,10k,R_0603_1608Metric
R143,15.707206,-36.966797,Top,0.000000,100k,R_0603_1608Metric
R144,17.957436,-25.674695,Top,0.000000,47k,R_0603_1608Metric
R145,14.662643,-57.567064,Top,0.000000,10k,R_0603_1608Metric
R146,40.846181,-74.601597,Top,0.000000,10k,R_0603_1608Metric
R147,87.578661,-70.644086,Top,0.000000,10k,R_0603_1608Metric
R148,114.479759,-85.305137,Top,0.000000,10k,R_0603_1608Metric
R149,115.572659,-77.420370,Top,0.000000,20k,R_0603_1608Metric
R150,134.419233,-64.811741,Top,0.000000,1k,R_0603_1608Metric
R161,56.665334,-61.507255,Top,0.000000,10k,R_0603_1608Metric
R162,55.740685,-70.123304,Top,0.000000,10k,R_0603_1608Metric
R163,62.549690,-63.370417,Top,0.000000,10k,R_0603_1608Metric
R164,76.082629,-56.029123,Top,0.000000,10k,R_0603_1608Metric
R165,62.792220,-68.417418,Top,0.000000,10k,R_0603_1608Metric
R166,62.273322,-72.862634,Top,0.000000,10k,R_0603_1608Metric
R167,55.675294,-66.416641,Top,0.000000,10k,R_0603_1608Metric
R168,17.854834,-33.236276,Top,0.000000,10k,R_0603_1608Metric
R169,56.171171,-74.223455,Top,0.000000,10k,R_0603_1608Metric
R170,61.091949,-84.597825,Top,0.000000,1k,R_0603_1608Metric
R171,72.866666,-101.000000,Top,0.000000,10k,R_0603_1608Metric
R172,69.487953,-108.318601,Top,0.000000,10k,R_0603_1608Metric
R173,91.600000,-109.771281,Top,0.000000,100R,R_0603_1608Metric
R174,81.878086,-51.691776,Top,0.000000,10k,R_0603_1608Metric
RV1,108.000000,-109.000000,Top,0.000000,10k trim (3224W),Potentiometer_Bourns_3224W_Vertical
RV2,116.000000,-109.000000,Top,0.000000,10k trim (3224W),Potentiometer_Bourns_3224W_Vertical
RV3,124.000000,-109.000000,Top,0.000000,10k trim (3224W),Potentiometer_Bourns_3224W_Vertical
SW1,14.000000,-80.000000,Top,0.000000,+6dB (short=OFF),SW_SPDT_PCM12
SW2,23.000000,-80.000000,Top,0.000000,JFET in/out,SW_SPDT_PCM12
SW3,32.000000,-80.000000,Top,0.000000,ladder in/out,SW_SPDT_PCM12
U1,120.000000,-42.000000,Top,0.000000,TL074,SOIC-14_3.9x8.7mm_P1.27mm
U2,120.000000,-62.000000,Top,0.000000,TL074,SOIC-14_3.9x8.7mm_P1.27mm
U3,106.000000,-72.000000,Top,0.000000,LM13700,SOIC-16_3.9x9.9mm_P1.27mm
U5,97.000000,-50.000000,Top,0.000000,LM567 (SO-8),SOIC-8_3.9x4.9mm_P1.27mm
U6,55.000000,-30.000000,Top,0.000000,TL074,SOIC-14_3.9x8.7mm_P1.27mm
U7,97.000000,-66.000000,Top,0.000000,LM13700,SOIC-16_3.9x9.9mm_P1.27mm
U8,96.000000,-86.000000,Top,0.000000,CD4052B,SOIC-16_3.9x9.9mm_P1.27mm
U9,70.000000,-42.000000,Top,0.000000,TL074,SOIC-14_3.9x8.7mm_P1.27mm
U10,70.000000,-64.000000,Top,0.000000,LM13700,SOIC-16_3.9x9.9mm_P1.27mm
U11,48.000000,-50.000000,Top,0.000000,LM13700,SOIC-16_3.9x9.9mm_P1.27mm
U12,48.000000,-74.000000,Top,0.000000,LM13700,SOIC-16_3.9x9.9mm_P1.27mm
U13,72.000000,-86.000000,Top,0.000000,CD4051B,SOIC-16_3.9x9.9mm_P1.27mm
U14,38.000000,-44.000000,Top,0.000000,TL074,SOIC-14_3.9x8.7mm_P1.27mm
U15,38.000000,-60.000000,Top,0.000000,LM13700,SOIC-16_3.9x9.9mm_P1.27mm
U16,24.000000,-52.000000,Top,0.000000,TL074,SOIC-14_3.9x8.7mm_P1.27mm
U17,124.000000,-78.000000,Top,0.000000,TL074,SOIC-14_3.9x8.7mm_P1.27mm
U18,80.000000,-27.000000,Top,0.000000,L78L09,SOT-89-3
U19,88.000000,-16.000000,Top,0.000000,MP1584EN,SOIC-8-1EP_3.9x4.9mm_P1.27mm_EP2.29x3mm
U20,38.000000,-98.000000,Top,90.000000,Raspberry Pi Pico,RPi_Pico_SMD
U21,86.000000,-96.000000,Top,0.000000,74HC4067,SOIC-24W_7.5x15.4mm_P1.27mm
U22,84.000000,-110.000000,Top,0.000000,74AHCT1G125,SOT-23-5
